{
    "title": "Why AI's impact on global stock markets \ud83d\udcca \ud83e\udd16",
    "description": "AI's impact on global stock markets\n\nIn this video, Warren Black breaks down what you need to know about ai's impact on global stock markets, and why it matters for your financial future.\n\n\"What's driving it? Artificial intelligence arms race. Microsoft, Google, NVIDIA - they're not tech companies anymore. They're infrastructure for a new economic reality....\"\n\n\ud83d\udd14 Subscribe for more financial insights that schools don't teach: https://youtube.com/@WarrenBlackFinance\n\n\ud83d\udd17 Connect with Warren Black:\nInstagram: @warrenblackfinance\nTwitter: @warrenblackfin\nTikTok: @warrenblackfinance\n\n\ud83d\udcda Warren Black is a financial strategist teaching the next million minds how money really works. From stock market secrets to wealth building strategies, Warren breaks down complex financial concepts into actionable steps.\n\n#WarrenBlack #FinancialEducation #MoneyMindset",
    "tags": [
        "WarrenBlack",
        "FinancialEducation",
        "MoneyMindset",
        "Shorts",
        "StockMarket",
        "Stocks",
        "ArtificialIntelligence",
        "TechStocks",
        "shorts",
        "investing",
        "stockmarket",
        "passiveincome",
        "richvspoor",
        "crypto",
        "finance"
    ],
    "category": "Education",
    "visibility": "Public",
    "made_for_kids": false,
    "thumbnail_file": "thumbnail.png",
    "video_file": "output_video.mp4",
    "language": "en-US",
    "timestamp": "2025-05-16 05:45:29"
}